planet_name,life_exists,num_stars_in_system,num_planets_in_system,orbital_period,planet_radius_vs_earth,planet_mass_vs_earth,planet_equilibrium_temperature,distance_to_system_in_light_years,stellar_surface_gravity,stellar_metallicity,train
Akritiri,False,2,1,3.21222,12.106,682.352,1283.0,81.7647,4.36,0.24,True
Bilaren,False,1,1,12.8747099,12.67,908.96,1000.0,1222.54,4.24,0.25,True
Delphi Ardu IV,False,1,4,29.84622,2.74,8.33,548.0,47.2899,4.51,0.03,True
Ktaris,False,1,5,12.4417,0.54,4.0,578.0,300.874,4.68,-0.37,True
Doraf I,False,3,1,2.3412217,14.605,352.47347,1772.0,322.114,4.27,-0.02,True
Mintaka III,False,1,1,1.645321,17.295,233.92288,1955.0,559.068,4.3,0.016,True
Exo III,True,3,6,54.76992,2.607,8.4,440.0,32.1585,4.54,-0.2,True
Magna Roma,True,1,3,4.9899093,2.438,7.1,324.0,26.4927,5.12,-0.09,True
Izar,False,1,1,3.853003,15.637,337.85329,1704.0,275.358,4.19,-0.13,True
Argus X,False,1,1,3.52563254,12.11,403.63,1070.0,686.284,4.57,0.09,True
Levinius V,False,2,5,0.7365437,2.08,7.81,1958.0,12.5855,4.45,0.31,True
Tarsus III,False,1,1,0.412,0.51,99.2,1180.0,172.245,4.77,0.1,True
Coltar IV,False,1,1,9.1708,12.207,157.32585,1586.0,609.818,3.35,-0.11,True
Denobula,False,1,1,1.68986531,13.776,371.8611,1991.0,2012.62,4.3,0.37,True
Pullock V,False,1,1,7.24599,11.68,4096.80817,1677.0,225.643,3.81,0.342,True
Legara IV,False,1,1,3.8537768,15.02,189.10885,1312.0,585.77,4.34,,True
Loracus Prime,False,1,1,4.2180278,14.493,98.20947,1192.0,440.089,4.39,0.27,True
Marlonia,True,2,1,10.64387,2.079,5.738,494.0,30.6796,4.78,-0.19,True
Efros,False,1,1,1.4857108,14.68,778.65,1570.0,720.753,4.45,0.26,True
Brechtian cluster,False,1,1,260.79,11.321,875.61726,348.0,116.685,4.06,0.253,True
Cor Caroli V,False,1,1,3.9791,16.477,336.8998,1550.0,2501.75,4.14,0.37,True
Sheva II,False,1,1,4.880974,18.103,122.68177,1387.0,344.045,4.2,-0.15,True
Orion I,False,1,1,2.8989727,18.495,330.54154,1646.0,421.745,4.17,0.278,True
Aurelia,True,1,4,2.2531,0.8,1.01,610.0,10.6194,4.94,-0.5,True
Jaros II,True,2,1,2.4919863,2.415,6.28,703.0,37.8871,4.8,0.05,True
Terlina III,True,1,1,20.273034,12.498,266.9772,682.0,413.591,4.46,-0.22,True
Alpha Onias III,False,1,2,,16.8,6356.0,1650.0,19.7442,4.35,,True
Thasus,False,2,1,5.01718,15.36,282.86,1270.0,290.404,4.27,-0.45,True
Brentalia,False,1,1,3.5852467,13.249,184.97706,1313.0,511.388,4.43,-0.03,True
Torman V,False,2,1,5.45664,12.072,69.28659,1445.0,373.675,4.02,0.13,True
Cirrus IV,False,1,1,11.8143,7.398,34.9613,1089.0,132.345,4.02,0.421,True
Fendaus V,True,2,4,20.66093,3.134,8.1,634.0,157.682,4.49,-0.06,True
Malindi VII,False,1,1,2.8758911,6.837,113.14748,1626.0,75.8643,4.32,0.36,True
Ktaria VII,False,1,1,3.0652907,13.54,314.6517,1571.0,539.36,4.36,0.15,True
Amleth Prime,True,1,2,482.8191,9.42,2946.26933,191.0,216.056,4.57,0.16,True
Isis III,False,1,1,2.1061607,16.029,299.07803,1445.0,508.842,4.43,0.25,True
Nervala IV,True,1,1,,10.468,6992.0,450.0,,5.0,,True
Kurill Prime,False,1,1,4.20474,14.12,165.26,1600.0,1045.18,3.99,0.01,True
Altair IV,False,1,3,22.89104,2.199,18.496,881.0,139.611,4.13,0.0,True
Draygo IV,False,1,2,2.9162382,16.668,287.95398,1740.0,246.81,4.13,0.41,True
Tau Ceti IV,True,1,1,1.9495378,1.242,2.33,595.0,18.2276,4.87,-0.13,True
Lissepia,False,2,1,3.1316666,8.967,77.23269,955.0,263.609,4.59,0.186,True
Alondra,False,1,1,5.644207,11.994,2688.8418,1460.0,527.995,4.15,0.156,True
Tavela Minor,False,2,2,749.83,8.4,53.83,125.0,11.8893,4.65,0.24,True
Remmil VI,False,1,1,5.616531,15.805,216.12332,1567.0,925.958,4.16,-0.1,True
Kaelon II,False,1,1,4.2337,14.572,413.179,1490.0,410.149,4.32,0.09,True
Kesprytt III,False,1,1,3.7130765,11.142,308.92921,962.0,128.23,4.58,0.306,True
Earth Colony 2,False,2,1,4.178062,15.356,57.2094,1400.0,159.507,4.18,-0.18,True
Alpha Omicron VII,True,1,2,12.226574,2.651,2.5,634.0,68.0726,4.6,0.05,True
Beth Delta I,False,1,1,4.231306,16.69,387.7526,1669.0,411.719,4.19,0.22,True
T'Khut,False,1,1,6.2463345,16.41,44.17815,1254.0,362.087,4.28,-0.06,True
Meridian,False,1,1,7.340711,10.76,200.22,1078.0,1177.55,4.44,0.42,True
Sigma Draconis,False,1,1,4.2567994,11.624,6979.5468,1695.0,768.771,4.19,-0.02,True
Garadius IV,False,1,1,4.119027,12.801,1538.2972,1605.0,647.595,4.04,0.25,True
Largo V,False,1,4,5.904144,2.51,8.8,860.0,169.422,4.4,0.17,True
Alpha Carinae II,False,1,1,4.3050011,9.64,163.358,1320.0,431.052,4.35,-0.04,True
Paan Mokar,False,1,1,2.691548,15.838,549.823,2131.0,350.351,4.1,0.074,True
Altair VI,False,1,1,3.21751883,12.22,108.06,1300.0,843.695,4.47,-0.21,True
Oby VI,True,1,1,9.4897116,2.12,8.3,751.0,21.5618,4.64,-0.23,True
Morikin VII,False,1,1,4.324799,18.921,191.33366,1902.0,564.409,3.95,0.19,True
Terra Nova,False,1,1,3.3569866,12.733,72.78307,952.0,306.779,4.52,0.12,True
Gault,False,1,1,3.7648327,13.978,190.06234,1210.0,211.416,4.53,0.06,True
Malaya IV,False,1,3,11.57779,1.482,4.62,911.0,14.682,4.38,-0.25,True
Regulus,False,1,1,4.60497,5.71,39.8,1670.0,307.47,3.58,0.43,True
Deneb II,False,1,1,2.6843285,13.361,189.101,1605.0,758.753,4.41,-0.1,True
Cardassia Prime,False,1,1,3.73,21.185,162.0933,1740.0,405.908,4.18,-0.07,True
Quatal Prime,False,2,2,0.768377,1.35,2.34,1000.0,21.9814,4.81,0.09,True
Theta 116 VIII,False,1,1,3.0566527,13.529,305.1168,1398.0,623.232,4.35,0.081,True
Ligon II,False,1,1,2.9887615,13.641,260.61929,1431.0,361.857,4.38,0.191,True
Janus VI,False,1,1,4.5445697,6.0,16.5,463.0,43.1448,4.92,0.23,True
Telemarius IV,False,1,1,3.840401,15.468,174.8065,1850.0,715.383,3.94,0.22,True
Altair III,True,1,3,84.25999,3.25,5.681,506.0,139.611,4.13,0.0,True
Arloff IX,False,2,1,4.46543,13.922,169.08556,1306.0,158.979,4.38,0.13,True
Ajilon Prime,False,2,1,2.152226,12.005,290.802,1304.0,153.242,4.54,0.1,True
Reina VI,True,1,1,3.799847,10.581,241.5508,818.0,143.651,4.67,-0.127,True
Luria,False,1,1,3.5315902,14.37,502.16888,1688.0,355.59,4.17,0.119,True
Merak II,False,1,1,9.289715,12.162,611.797,1140.0,352.181,4.23,-0.09,True
Maxia Zeta,False,1,3,3.127463,2.41,8.56,871.0,73.5977,4.57,-0.1,True
Kaldra IV,False,1,1,4.641878,14.348,331.801,1428.0,405.238,4.14,0.27,True
Beta XII-A,False,2,1,3.119999,23.539,375.03752,1498.0,,4.29,0.176,True
Fabrina,False,1,1,3.547851,15.48,340.382,1648.0,411.211,4.22,-0.157,True
Orelious IX,False,1,1,,30.264,3496.13,2200.0,134.846,4.0,,True
Preenos,False,1,1,3.7681,11.287,781.8618,1610.0,1176.12,4.04,0.0,True
Sarona VIII,False,1,1,11.2366,13.115,392.83788,1252.0,141.812,4.29,0.0,True
Ogus II,False,1,1,4.1662739,15.681,215.80657,1377.0,188.404,4.32,0.09,True
Katarrea VII,True,1,3,47.42489,2.607,26.57,546.0,62.7792,4.47,-0.08,True
Praxis,False,1,1,3.89713,13.339,346.4347,1630.0,790.663,4.12,-0.02,True
Rondac III,True,2,6,19.57706,1.03,14.3,705.0,282.563,4.44,0.02,True
Gema IV,True,1,1,3.7955202,11.478,117.5971,587.0,140.225,4.77,0.17,True
Khosla II,False,1,1,16.9841,2.63,24.5,795.0,114.293,4.33,0.07,True
Star Station India,False,1,1,4.1752387,13.843,1022.14128,1356.0,856.436,4.4,0.28,True
Epsilon Indi II,False,2,3,2.615864,11.03,188.47319,1328.0,154.273,4.44,0.45,True
Kronos,False,1,1,4.1876244,14.415,222.481,1518.0,772.11,4.3,0.02,True
Solais V,False,1,1,3.560829,12.924,210.40346,1528.0,486.474,4.15,0.335,True
Kaferia,True,1,3,33.60134,9.057,1907.0,543.0,777.06,4.45,0.41,True
Korris I,False,1,1,3.1774835,13.047,232.01474,1458.0,301.676,4.42,0.237,True
Koralis III,False,1,1,3.6313,11.77,889.9,1660.0,1060.97,4.3,0.05,True
Antica,False,1,1,1.90009,12.846,1048.839,1487.0,764.889,4.49,,True
Endicor,False,1,2,4.11296,2.265,10.15,1077.0,82.1733,4.55,0.14,True
Tartarus V,False,1,1,4.533471,12.666,98.5273,1290.0,453.099,4.35,0.1,True
Ceti Alpha VI,False,2,1,1.809886,20.512,292.4036,2160.0,194.459,4.13,0.23,True
Cygnia Minor,False,2,1,1.38665318,13.451,1172.7927,1880.0,232.98,4.37,0.16,True
Omega IV,False,2,2,1.1980035,1.264,1.86,773.0,27.3644,4.81,0.11,True
Alpha Leonis system,False,1,1,3.36,13.675,158.915,1150.0,197.119,4.58,-0.143,True
Orias III,False,1,1,5.817608,10.424,410.0007,1178.0,635.722,4.4,0.18,True
Rigel XII,False,1,1,2.7439004,11.96,177.9848,1161.0,446.035,4.51,0.32,True
Tau Ceti III,False,2,6,6.098493,0.868,3.08,1040.0,282.563,4.44,0.02,True
Landris II,False,1,1,4.84532,14.572,211.99155,1177.0,898.168,4.35,0.35,True
Pegos Minor,False,2,1,2.255251,14.83,298.12454,1561.0,126.261,4.42,-0.105,True
Idran,True,1,1,7.919585,8.687,274.276,670.0,115.936,4.72,-0.15,True
Amargosa,False,1,1,5.507978,10.615,62.29468,841.0,161.4,4.61,0.1,True
Kelemane's Planet,False,1,1,1.902603,21.017,731.00534,2492.0,225.888,4.1,-0.1,True
Gagarin IV,True,1,1,7.3279474,8.097,39.85588,739.0,127.589,4.59,0.099,True
Alderaan,False,1,1,11.633478,9.505,67.69745,1030.0,213.283,4.11,0.384,True
Brinda V,False,2,1,1.5487743,15.009,562.24127,2043.0,523.337,4.3,0.14,True
Iota Geminorum IV,False,1,1,3.71495,14.404,117.91493,1457.0,281.498,4.21,0.025,True
Epsilon West IV,False,1,1,3.02409309,13.0,994.77,1628.0,1005.84,4.26,0.4,True
Davlos Prime,False,1,1,3.79701816,10.962,79.45,1070.0,646.647,4.54,0.24,True
QI'tomer,False,1,1,2.74432452,20.961,2154.8874,2562.0,330.739,4.18,-0.059,True
Mundahla,False,1,1,4.1480467,8.575,112.19399,835.0,324.413,4.6,0.208,True
Paxsor III,False,1,1,2.310644,8.597,144.92975,1391.0,149.667,4.47,0.29,True
Danula II,False,1,3,6.2679,2.042,4.82,1170.0,18.2702,4.42,0.08,True
Loval,False,1,1,3.00265,7.656,135.39558,1400.0,491.87,4.07,0.01,True
Cerberus II,False,1,2,6.443868,2.587,13.5,784.0,68.0726,4.6,0.05,True
Nivoch,False,1,1,3.81433,1.088,8.7,617.0,29.8424,4.77,-0.12,True
Teluridian IV,True,1,4,23.0923,1.51,2.1,345.0,66.8624,4.71,-0.18,True
Delta Vega,True,2,1,2.930289,11.9,170.4,675.0,162.229,4.77,-0.03,True
Pernaia Prime,True,2,1,4.353326,7.9,44.0,563.0,108.883,4.81,0.18,True
Atbar Prime,True,2,6,77.61130017,2.744,10.07,401.0,282.563,4.45,0.07,True
Korat,False,1,1,4.908897,18.82,305.1168,1793.0,1080.15,3.98,0.22,True
Risa,False,1,1,4.6058749,14.022,207.54299,1212.0,353.891,4.39,0.16,True
Starbase 133,True,1,1,225.11781,12.53,732.0,318.0,339.605,4.39,0.08,True
Gemulon V,False,2,1,3.329441,16.175,289.2253,1642.0,324.683,4.17,0.047,True
Telsius,False,1,1,2.34478022,12.285,508.528,1422.0,305.603,4.47,0.22,True
Dulisian IV,False,2,1,2.8717518,17.598,375.0394,2085.0,321.376,4.06,0.09,True
Theta VII,True,1,2,8.32834,2.12,21.3,800.0,102.564,4.56,-0.06,True
Maranga IV,False,1,1,2.7325321,17.901,467.2101,1942.0,370.284,4.2,0.07,True
Scalos,True,1,1,3.49151,5.05,26.78,767.0,60.798,4.66,0.25,True
Sumiko IV,False,1,1,3.1414391,15.816,1694.0339,1998.0,1477.98,4.06,-0.017,True
Sarpeidon,False,1,1,8.001968,11.153,203.41018,1259.0,373.345,4.16,0.181,True
Atlec,True,1,2,2.76953,1.24,2.14,709.0,10.0055,5.2,-0.43,True
Kelvas V,False,1,4,3.471745,2.59,9.68,1089.0,154.961,4.4,0.0,True
Hurada III,False,2,1,3.0565195,14.986,216.1244,1691.0,320.451,4.13,0.24,True
Boreth,False,2,1,2.4706132,13.955,457.6752,1472.0,215.32,4.43,-0.15,True
Boreal III,False,1,2,0.584249,1.164,2.59,1960.0,102.564,4.56,-0.06,True
Cardassia IV,False,1,1,1.211909,13.451,413.179,2140.0,,4.33,0.25,True
Myrmidon,False,2,1,2.7817362,13.428,126.81417,1400.0,194.553,4.5,,True
Archanis IV,False,1,2,0.9263237,1.331,1.9,940.0,12.0445,4.98,-0.28,True
Founders' homeworld,False,1,1,4.3888497,13.227,82.95363,1003.0,362.273,4.54,0.05,True
Taresia,False,1,1,6.24658,15.323,257.4423,2040.0,1294.69,2.95,0.11,True
Torad V,False,4,1,138.317,6.18,169.0,481.0,1033.16,4.14,0.21,True
Tholia,False,1,2,52.563491,3.343,18.3,487.0,67.5478,4.45,,True
Delvos Prime,False,2,1,4.627669,12.89,709.367,1570.0,222.663,4.25,0.11,True
Rakhar,False,2,1,6.180235,11.781,953.49,1401.0,372.632,4.16,0.141,True
Alpha-441,False,1,1,1.2436258,3.46,73.2,1479.0,165.105,4.49,0.11,True
Jerido,False,1,1,4.3474032,10.368,105.83686,1534.0,327.927,4.0,0.19,True
Kelton IV,False,1,1,4.0197517,8.608,71.51139,1091.0,219.614,4.52,0.344,True
T'lli Beta,False,1,1,4.0179694,1.015,7.5,412.0,21.8182,5.07,-0.13,True
Arkaria,False,1,3,6.42975,1.37,5.1,998.0,68.192,4.39,0.24,True
Kanda IV,False,1,1,17.471278,3.55,19.7,769.0,57.2651,4.5,-0.023,True
Rahm-Izad,False,1,1,3.4936264,14.28,129.03833,1512.0,465.992,4.19,0.187,True
Jouret IV,False,1,1,3.4678796,13.608,165.27077,1499.0,683.062,4.09,0.27,True
Nigala IV,False,1,1,3.6191613,16.926,270.1555,1637.0,944.603,4.12,-0.39,True
Draylax,True,1,2,17.1784,2.522,8.79,656.0,44.8155,4.37,0.03,True
Midos V,True,1,4,25.7124,2.82,13.2,598.0,85.799,4.5,-0.4,True
Sarpeidon V,False,1,1,2.6266657,17.396,451.3186,1957.0,663.834,4.15,-0.14,True
Quazulu VIII,False,1,2,28.17232,1.33,7.4,297.0,41.9176,5.11,-0.24,True
Suliban homeworld,True,3,2,5.35882,1.38,2.2,433.0,6.86929,4.97,-0.34,True
Borg Prime,False,1,3,9.0497,2.52,15.0,533.0,99.5561,4.7,-0.26,True
Rekag-Seronia,False,1,4,0.4465688,1.425,2.0,2310.0,85.799,4.5,-0.4,True
Secarus IV,False,2,1,3.308958,17.318,323.23311,2132.0,161.498,3.85,0.3,True
Nova Kron,False,1,1,2.1748,1.75,8.0,1103.0,115.461,4.57,0.0,True
Gemaris V,False,1,1,3.6849729,9.55,55.30242,1526.0,238.768,3.96,0.215,True
Pentath III,False,1,1,3.9415128,13.518,293.67492,1210.0,163.553,4.51,0.02,True
Drema IV,True,1,1,3650.0,12.442,4131.79,183.0,551.886,3.52,-0.23,True
Calondia IV,False,1,1,3.21,10.761,66.7443,960.0,142.751,4.61,-0.063,True
Pyris VII,False,1,3,11.379573,2.133,4.78,387.0,22.4793,4.87,-0.2,True
Keto-Enol,False,1,1,2.6054552,21.185,167.49641,1930.0,738.519,3.98,0.1,True
Nel Bato,True,2,3,7.9752,1.014,4.3,610.0,59.2474,4.68,-0.02,True
Rha'darus,True,1,1,3.9228038,12.52,117.27927,853.0,300.67,4.63,-0.113,True
Haakon,True,1,2,18.08816,2.47,7.24,373.0,51.9503,4.77,0.0,True
Corinth IV,False,1,1,3.3488702,15.805,244.09344,1553.0,389.57,4.2,,True
Bringloid V,False,2,1,4.0664428,13.305,136.66622,1074.0,205.387,4.53,0.168,True
Oran'taku,False,1,2,5.35117,1.9,8.6,1309.0,200.394,4.15,-0.53,True
Memory Alpha,False,1,1,4.7423729,10.122,54.98459,1054.0,453.808,4.54,-0.06,True
Itamish III,False,1,1,3.312846,10.862,167.17858,1407.0,534.889,4.39,0.15,True
Alpha Eridani II,True,1,2,10.338523,11.321,169.71,792.0,92.3831,4.52,0.0,True
Orion III,False,1,1,8.886593,13.283,940.7768,1025.0,645.294,4.42,-0.2,True
T-Rogoran,False,1,1,1.744579,16.477,6261.21962,2300.0,655.013,4.27,0.35,True
Aldebaran III,False,1,6,1.914558,1.152,1.5,1040.0,62.699,4.45,-0.23,True
Kolarus III,False,2,1,4.6117093,21.409,1293.5681,1935.0,300.276,4.13,-0.12,True
Manzar colony,False,1,1,4.12502,14.46,483.41943,1630.0,272.655,4.18,-0.04,True
Samrin's Planet,False,1,1,21.216398,11.938,1036.76146,883.0,78.0863,4.21,0.24,True
Ligillium,False,1,1,9.62468,11.209,1652.716,910.0,310.841,4.33,0.28,True
Alpha Laputa IV,False,1,1,2.705782,18.719,394.1092,2190.0,275.664,3.97,0.12,True
Icarus Prime,False,1,1,4.61,12.229,129.034,1003.0,189.469,4.53,,True
Bynaus,True,1,1,2.59261842,11.4,211.35589,604.0,72.811,4.9,0.264,True
Kalla III,False,1,3,56.00819,4.23,7.943,585.0,139.611,4.13,0.0,True
Sikaris,False,1,1,4.052037,4.7,30.8,700.0,52.616,4.64,0.41,True
Kelva,True,1,3,45.294301,2.35,17.2,584.0,185.506,4.34,-0.15,True
Halkan homeworld,False,1,2,4.77271,3.52,11.8,1242.0,130.855,4.44,0.09,True
Tallonian homeworld,False,1,1,1.9416423,12.094,835.57088,940.0,385.689,4.67,0.322,True
Antos IV,False,1,1,4.193649,14.908,3082.951,1710.0,737.668,4.14,0.47,True
Toranius Prime,False,1,5,29.79749,1.87,3.41,467.0,39.0341,4.53,-0.2,True
Cairn homeworld,False,1,1,2.823093,11.467,203.09235,1101.0,521.233,4.48,0.12,True
Korma,False,2,1,1.96229325,18.114,309.8827,1893.0,494.818,4.3,-0.105,True
Iadora Colony,True,2,1,105.599,4.3,122.0,475.0,1174.59,3.93,-0.11,True
Salva II,False,1,1,3.8240801,16.287,292.40213,1580.0,296.46,4.24,0.011,True
Psi Upsilon III and IV,True,1,3,85.312,9.0,4.0,439.0,783.831,4.51,,True
Rhaandaran,False,1,1,10.863502,12.016,618.471,904.0,192.516,4.38,0.22,True
New Sydney,False,1,1,12.9972,3.96,9.0,867.0,155.141,4.41,-0.09,True
Kyana Prime,True,1,1,22.65398,11.209,1900.61387,799.0,313.996,4.4,0.22,True
Kazlati homeworld,True,1,5,122.3874,1.61,36.0,270.0,300.874,4.68,-0.37,True
Beltane IX,True,1,2,18.87974,2.39,9.7,498.0,31.5666,4.62,0.0,True
Modean,False,1,6,3.092926,1.602,4.74,1015.0,6.53127,4.57,0.11,True
Ardana,False,1,1,8.8849116,11.77,3209.9,767.0,835.356,4.5,0.3,True
Lya III,True,1,6,6.76458,1.511,4.36,782.0,6.53127,4.57,0.11,True
Cravic homeworld,False,1,1,8.8665,2.242,11.44182,729.0,203.896,4.3,-0.65,True
Minshara,False,1,1,2.3266508,5.82,61.5,867.0,135.047,4.67,0.338,True
Qualor II,False,1,1,4.12688,16.141,371.8611,2061.0,196.852,4.21,0.02,True
Cardassia V,False,1,1,3.5514058,12.845,117.59651,1471.0,460.995,4.29,0.233,True
Son'a Prime,False,1,1,,20.176,4767.45,2200.0,108.5,4.37,,True
Mari homeworld,False,1,1,9.47725,10.817,1722.6386,1198.0,342.831,3.99,0.148,True
Archer's Planet,True,1,1,41.6855,2.23,16.3,546.0,179.461,4.5,-0.15,True
Gamma 400,False,2,1,2.204737,15.043,564.442,2733.0,341.079,3.97,0.233,True
Gorn Homeworld,False,1,1,3.3769848,9.528,47.03884,1479.0,327.602,4.22,0.27,True
Hemikek IV,False,1,1,3.75209748,15.782,188.15536,1676.0,282.091,4.19,0.0,True
Callinon VII,False,1,4,0.95965428,1.627,4.73,1777.0,47.2899,4.47,0.037,True
Icor IX,False,1,1,4.008778,12.689,92.802,1010.0,202.078,4.54,0.23,True
Alpha Proxima II,False,1,1,0.6691403,1.7,3.78,1069.0,37.6153,4.85,-0.13,True
Invernia II,False,1,1,0.926118,1.72,7.42,2141.0,63.6796,4.4,-0.07,True
Dosi homeworld,False,1,1,2.4997,12.218,295.5819,1345.0,428.976,4.41,0.24,True
Iraatan V,False,1,1,3.352057,16.7,1274.44,1500.0,2346.01,4.4,-0.5,True
Malkus IX,False,1,1,4.537164,9.427,113.14691,1388.0,319.036,4.39,0.49,True
Regulak IV,False,2,1,1.3600306,13.563,559.3808,1674.0,105.166,4.33,0.0,True
Rakal,False,1,1,3.24253,13.899,242.8209,1457.0,1040.28,4.0,0.15,True
Rigel VII,False,1,1,2.516729,11.433,420.471,1315.0,416.459,4.51,0.43,True
New Berlin,False,1,1,3.54846,16.04,671.864,1868.0,899.777,4.07,0.04,True
Barisa Prime,False,2,1,5.084298,13.9,301.93,1490.0,226.399,4.09,0.22,True
Dakala,True,2,1,95.2738,11.624,262.52758,413.0,412.98,4.48,-0.01,True
Omicron IV,False,3,1,1.763588,16.948,2949.4624,2550.0,519.096,4.2,0.2,True
Aaamazzara,False,1,1,18.85019,3.14,10.8,443.0,40.0654,4.65,0.05,True
Durenia IV,False,1,1,20.33003,11.882,1036.12061,906.0,390.484,4.3,0.12,True
Argana II,False,1,1,3.2443141,13.137,352.78953,1633.0,558.141,4.16,0.273,True
Hanon IV,True,1,1,2.7886556,9.909,156.05375,772.0,194.964,4.68,0.522,True
Neural,False,1,1,2.1746742,16.376,255.85315,1871.0,575.889,4.26,0.0,True
Sulvin IV,False,1,1,1047.8356,9.18,158.915,206.0,568.117,4.3,-0.088,True
Brax,False,3,1,1.8468373,15.872,645.1949,2020.0,231.161,4.27,0.0,True
Centauri VII,False,1,1,1.212884,15.334,664.237,2056.0,364.813,4.33,0.15,True
Lyshan,False,1,1,4.375021,6.882,23.51942,1294.0,343.525,4.3,-0.102,True
Ledos,False,1,1,3.52474859,15.468,226.93062,1459.0,48.3016,4.37,0.02,True
Japori II,False,1,1,1.6096884,13.473,594.3421,1638.0,261.386,4.41,-0.34,True
Boslic,False,2,1,3.506195,11.904,212.31044,1006.0,100.848,4.64,-0.025,True
Ronara Prime,False,1,3,2.4675,1.343,11.26,1121.0,67.5062,4.64,-0.09,True
Manu III,False,1,2,4.301219,13.922,111.871,1108.0,347.85,4.46,0.33,True
Ranza V,False,2,1,1.5732918,14.247,403.945,1689.0,369.926,4.39,-0.08,True
Tarlac homeworld,False,1,2,5.416081,12.621,256.17098,1128.0,642.884,4.42,0.18,True
Archer IV,False,1,1,1.0697568,1.62,3.48,1517.0,55.0135,4.52,0.08,True
Parada II,False,2,1,5.723186,12.408,247.261,1260.0,313.576,4.34,0.21,True
Romulus,False,1,2,1.008035,1.745,8.83,2128.0,48.0883,4.38,-0.04,True
Theta Kiokis II,False,2,1,0.9809734,22.754,1021.18779,1411.0,61.7856,4.61,0.18,True
Stameris,False,1,1,5.031623,19.952,301.9385,1800.0,368.03,3.89,0.19,True
Carema III,False,1,2,12.2737,2.63,9.32,800.0,95.1274,4.45,0.01,True
Prometheus,False,1,1,5.6114118,14.617,178.30263,1604.0,627.066,3.96,0.06,True
M-S-1,False,1,1,3.899052,16.87,271.74465,1721.0,568.42,4.0,0.164,True
Sobras,True,1,5,7.90754,0.818,0.72,723.0,39.0341,4.53,-0.2,True
New Brooklyn IX,True,1,1,61.6277,12.106,1112.39942,592.0,200.273,4.35,0.12,True
Quadra Sigma III,False,1,1,3.208664,16.141,222.47988,1927.0,229.067,3.94,0.373,True
Epsilon 119,True,1,2,8.350381,16.814,309.56642,637.0,58.2609,4.6,0.2,True
Teerza Prime,False,2,1,2.1225735,19.84,298.7587,1763.0,337.064,4.28,0.027,True
Tarsus IV,True,1,3,4.4929,2.12,14.0,673.0,99.5561,4.7,-0.26,True
Angosia III,True,1,2,20.8851,5.68,21.0,767.0,170.562,4.29,0.42,True
Teplan system,False,1,1,4.73401,5.28,59.4,1446.0,477.295,3.99,0.33,True
Tau Alpha C,False,1,1,3.0440499,13.585,172.58169,1244.0,421.855,4.52,0.05,True
Berengaria VII,False,1,2,5.6057,2.28,9.79,1038.0,95.1274,4.45,0.01,True
Alpha Majoris I,False,1,1,1.306187,14.684,603.55917,1638.0,231.337,4.57,-0.19,True
Tiburon,False,1,1,2.7535953,11.31,259.98494,1218.0,361.155,4.48,0.28,True
Kraus IV,True,1,2,2.6162745,1.15,1.21,569.0,15.8095,4.84,0.0,True
Ledonia III,False,2,1,2.9776412,14.773,285.72917,1520.0,197.996,4.29,0.18,True
Tarok,False,1,1,4.86069,12.11,85.81,1330.0,1103.48,4.31,-0.01,True
Rousseau V,False,1,2,9.24318,11.209,1315.8162,1024.0,844.061,4.35,,True
Eden,False,1,1,12.4551225,8.676,82.6358,650.0,233.237,4.57,0.098,True
Indri VIII,True,1,4,7.4507245,1.521,1.94,416.0,10.6194,4.86,-0.46,True
Parsion III,False,1,1,2.1097019,3.42,22.4,1395.0,163.678,4.48,0.16,True
Beta Ursae Minoris II,False,3,1,2.9895932,19.044,286.68266,1823.0,218.05,4.11,-0.116,True
Tagus III,False,1,1,1.354133,13.092,427.463,1577.0,341.925,4.48,0.15,True
Kolandra,False,1,1,3.8186244,10.985,344.52772,1642.0,757.84,4.08,0.04,True
Miri,True,1,3,130.194,9.7,7.6,381.0,783.831,4.51,,True
Starbase 123,False,2,1,3.5357173,4.977,29.24036,1143.0,322.148,4.2,0.1,True
Donatu V,False,1,2,10.56103,2.29,8.3,916.0,192.69,4.38,0.26,True
Gamma Canaris N,False,1,2,13.83989,1.486,4.45,978.0,527.956,4.04,-0.2,True
Paraagan homeworld,False,1,1,4.8084983,17.262,139.8445,1205.0,350.343,4.4,0.239,True
Sigma Erani,False,1,2,8.80381,8.093,92.48853,940.0,246.353,4.4,0.11,True
Devos II,False,1,1,4.0764326,14.202,194.82881,1327.0,1074.95,4.04,-0.26,True
Mordan IV,False,1,1,2.798581,11.545,425.8922,1160.0,149.942,4.3,0.19,True
Toroth,True,1,2,2.527093,2.18,7.32,734.0,51.9503,4.77,0.0,True
Andoria,True,1,3,5.6605731,2.355,6.15,488.0,22.4793,4.87,-0.2,True
Gamma Trianguli VI,False,1,1,0.8378434,14.986,629.3034,2060.0,624.368,4.44,0.28,True
Atrea IV,False,1,1,4.9546416,15.401,311.4734,1530.0,162.303,4.22,0.0,True
Balancar,True,1,1,16.254611,8.709,425.25654,814.0,400.331,4.42,0.3,True
Hurkos III,False,1,2,7.073088,2.44,12.8,1076.0,88.9482,4.35,0.138,True
Praxillus,False,1,1,2.2167421,14.24,491.3763,2210.0,434.754,3.99,-0.06,True
Gamma VII-A,False,1,1,4.08722,13.002,597.5,1790.0,316.678,3.93,0.14,True
Miridian VI,False,1,1,1.90231289,10.077,335.94463,1505.0,338.84,4.5,0.194,True
Babel,False,1,4,3.6904,1.35,2.42,517.0,10.6194,4.94,-0.5,True
Delinia II,False,1,1,4.9816819,12.576,167.49641,1021.0,177.291,4.51,0.29,True
Epsilon Canaris III,True,1,2,34.556,11.29,200.0,497.0,177.945,4.66,0.32,True
Klendeth,False,1,1,2.7347749,17.183,406.8224,2048.0,136.681,4.15,0.139,True
Lya IV,False,1,1,3.2467293,12.22,317.82,1544.0,1188.0,4.22,0.15,True
Neubilia Prime,False,2,1,0.381078,2.5,444.962,2100.0,243.836,4.65,0.03,True
Peliar Zel,False,1,1,19.49213,6.12,27.0,886.0,181.69,4.25,0.1,True
Titus IV,False,1,3,3.93072,1.217,1.84,525.0,9.44181,4.94,-0.12,True
Epsilon IV,True,1,2,15.532482,2.064,6.64,338.0,24.7399,5.0,-0.04,True
Hakton VII,False,1,2,3.2888,10.761,88.9924,1480.0,216.526,4.28,0.17,True
Pollux IV,False,1,1,7.87288,10.761,572.094,900.0,169.272,4.2,0.28,True
Taurus II,True,1,1,141.241671,11.097,613.4119,347.0,921.986,4.47,0.16,True
Dytallix B,False,2,1,2.15484802,11.142,218.98377,764.0,112.71,4.76,0.39,True
Garenor homeworld,True,1,1,13.2406,10.87,874.0,600.0,338.386,4.65,0.26,True
Ariannus,False,1,3,44.55603,1.458,2.2,305.0,44.0727,4.7,-0.157,True
Archer's Comet,False,1,1,4.736529,15.356,61.97685,1712.0,99.1596,3.73,0.18,True
Argratha,False,1,1,18.71204,9.718,77.55052,876.0,80.6665,4.28,0.036,True
Minara II,False,1,1,2.6453235,12.027,241.86742,1512.0,348.815,4.31,0.414,True
Nahmi IV,False,1,1,5.33408384,16.25,896.24,1776.0,1878.31,3.89,-0.01,True
Dayos IV,False,1,1,1.3371182,12.823,790.41,1292.0,181.374,4.6,0.02,True
Terrellian homeworld,False,1,1,1.43036763,13.159,607.0553,1636.0,375.31,4.49,-0.3,True
New Halana,False,2,1,3.35524,13.922,217.704,1637.0,415.344,4.27,-0.16,True
Torona IV,False,1,1,1.7208604,15.031,299.07803,1850.0,1086.24,4.3,0.27,True
Marijne VII,True,3,6,13.673694,2.388,6.3,699.0,32.1585,4.54,-0.2,True
Tarakis,False,1,2,0.2803226,1.54,5.31,2039.0,61.8736,4.58,0.03,True
Gamma Tauri IV,False,1,1,4.5195064,13.271,95.03117,1186.0,437.495,4.49,0.09,True
Galor IV,False,1,1,3.634433,12.218,387.7526,1590.0,414.234,4.25,-0.09,True
Blue Horizon,False,1,1,50.818947,2.41,14.8,470.0,162.481,4.51,-0.08,True
Pralor homeworld,True,1,6,15.231915,2.287,7.72,521.0,62.699,4.45,-0.23,True
Campor III,False,1,1,18.38818,7.163,43.86032,1027.0,76.9028,4.04,0.175,True
Rigel III,False,1,1,988.88112,11.949,1322.16617,254.0,835.455,4.03,0.196,True
Devidia II,False,1,1,5.8768918,12.229,530.77344,1264.0,277.899,4.21,0.387,True
Jupiter,False,2,2,5.19672,2.68,7.17,981.0,74.7969,4.49,-0.02,True
Meldrar I,True,1,1,35.45533,9.158,109.33352,435.0,190.422,4.5,0.22,True
Makus III,False,1,1,5.0037775,19.851,279.6904,1749.0,341.997,3.99,0.072,True
Melnos IV,False,1,1,1.5449298,15.244,638.8383,2140.0,822.96,4.2,-0.1,True
T'Lani Prime,False,1,1,2.1605156,20.849,467.2101,1654.0,639.004,4.33,0.28,True
P'Jem,False,1,1,146.05,2.49,17.2,460.0,33.2673,4.16,0.06,True
Angel I,False,1,1,3.101278,19.279,216.1244,1702.0,1344.97,4.18,0.28,True
Melina II,False,1,1,7.532806,11.747,66.10864,1257.0,446.442,4.04,-0.03,True
Capella IV,False,1,1,4.860674,12.778,731.00534,1375.0,248.504,4.24,0.14,True
Camor V,False,3,1,2.465295,15.838,587.9855,2200.0,279.86,4.25,-0.25,True
Andevian II,False,1,1,3.22748,18.831,349.61125,1747.0,1123.21,4.01,-0.5,True
Planet Q,False,2,1,3.1743516,13.171,224.38798,1414.0,342.14,4.42,0.06,True
Omicron Delta,False,2,1,2.82406,17.15,985.273,2100.0,170.696,4.1,0.0,True
Nechani homeworld,True,1,2,1.8805136,1.28,3.21,682.0,24.7399,5.0,-0.04,True
Elaysian homeworld,False,1,1,3.656333,11.994,886.7457,1590.0,524.993,4.3,0.24,True
Akaali homeworld,False,1,1,4.971252,11.657,95.349,1120.0,271.103,4.44,0.29,True
Axanar,False,1,6,6.5577,2.572,3.01,690.0,62.699,4.45,-0.23,True
Kenda II,False,2,1,2.78578,1.639,5.08,2025.0,108.522,4.03,-0.03,True
Astral V,False,2,1,2.484193,14.235,340.06,1710.0,294.001,4.29,0.07,True
Farius Prime,True,1,1,18.26157,3.05,24.0,722.0,77.682,4.42,-0.12,True
Barradas III,False,1,1,3.071722,17.71,161.45764,1142.0,176.818,4.49,0.25,True
Mazar,False,2,1,4.4656291,14.964,199.27941,1300.0,297.462,4.42,0.09,True
Beta Aquilae II,True,1,3,7.49325,2.82,11.8,643.0,73.5977,4.57,-0.1,True
Beta Niobe I,False,1,1,0.925542,17.127,473.547,2508.0,375.647,4.22,0.06,True
Solosos III,True,1,2,5.72149,10.536,38.1396,770.0,64.7414,4.5,0.02,True
Persephone V,False,1,1,4.1117771,16.477,159.55066,1111.0,325.377,4.45,-0.31,True
Nausicaa,False,1,1,3.583893,9.785,43.86054,1324.0,794.637,4.39,0.21,True
Sirrie IV,False,1,2,9.2292005,2.69,9.13,666.0,22.6202,4.8,0.12,True
Minos,False,1,1,1.7497828,13.709,146.2018,1309.0,174.818,4.5,0.03,True
Starbase 73,False,1,1,1.8053564,12.722,1938.763,1385.0,329.036,4.53,0.103,True
Septimus III,False,1,1,3.6623866,23.43,286.03,1900.0,246.69,4.06,,True
Organia,False,1,1,4.7228124,10.682,870.8542,858.0,229.518,4.64,0.0,True
Rinax,True,3,1,1.4079405,10.4,4386.054,163.0,24.7359,7.92,,True
New France colony,False,1,1,4.1419771,12.588,489.45575,1278.0,265.471,4.36,0.217,True
Gonal IV,True,1,1,5.746007,2.025,11.7,456.0,27.9276,4.93,0.04,True
Ilecom system,False,2,1,6.607662,12.274,55.61997,1295.0,516.087,4.18,0.182,True
Gramilia,False,1,1,3.4,17.374,152.5584,1580.0,383.829,4.31,-0.08,True
Styris IV,False,1,1,1.36665436,15.491,711.9392,1834.0,555.134,4.45,,True
Irtok,False,1,1,3.7650007,23.203,1398.452,1577.0,235.479,4.04,-0.07,True
Starbase Earhart,False,1,1,6.212445,6.938,69.28694,870.0,322.037,4.58,,True
Ekos,False,1,1,1.651144,11.433,464.98529,1714.0,199.581,4.36,0.143,True
Mudor V,False,1,1,4.54216875,15.793,150.96925,1496.0,435.156,4.2,0.1,True
Norellus,False,3,6,20.519617,2.852,8.52,602.0,32.1585,4.54,-0.2,True
Ganalda IV,False,1,4,4.901452,1.597,9.39,1379.0,525.997,4.21,0.321,True
Sauria,False,1,1,4.7947813,18.282,182.43351,1772.0,233.22,3.91,0.037,True
Betelgeuse II,False,1,1,4.187757,12.207,344.52772,1203.0,276.211,4.34,0.05,True
Magus III,False,1,1,5.322023,13.675,85.8141,1460.0,200.075,4.09,-0.18,True
Delb II,False,2,1,1.7429935,16.477,1150.5446,1548.0,213.283,4.53,0.03,True
Kotati,False,1,1,3.9516205,11.938,182.43442,1339.0,334.037,4.5,0.34,True
Simperia,True,1,2,31.578659,5.02,48.6,651.0,185.875,4.37,0.19,True
Sarthong V,True,1,2,82.6869,6.8,959.84179,347.0,216.056,4.57,0.16,True
Folnar III,False,1,1,5.367753,12.89,317.83,1500.0,542.251,4.17,-0.02,True
Haven,False,1,1,2.8786765,13.787,731.009,1620.0,508.885,4.24,0.14,True
Caldos II,False,1,4,77.03,2.55,12.6,415.0,85.799,4.5,-0.4,True
Tarod IX,False,1,1,3.0876262,13.058,436.69623,828.0,436.176,4.64,0.253,True
Ingraham B,False,1,1,4.0144477,11.332,174.8065,1019.0,1068.33,4.54,0.19,True
Borka VI,False,1,2,1.62116,1.31,4.04,2130.0,155.317,4.05,-0.03,True
Bajor,False,1,3,0.3219225,0.699,0.633,1365.0,9.41263,4.78,-0.01,True
M-113,True,1,5,17.667087,2.0,8.32,543.0,39.0341,4.53,-0.2,True
Gamma Vertis IV,False,2,1,4.2180896,12.274,327.3649,1721.0,403.591,4.29,,True
Rigel IV,False,1,1,8.1577094,9.1,96.4,919.0,109.557,4.55,0.36,True
Rigel II,False,3,2,48.36685,11.276,246.00042,676.0,272.909,4.23,-0.06,True
Pacifica,False,2,4,54.32031,6.56,35.0,584.0,477.052,4.18,0.023,True
Gorlan homeworld,True,1,1,2.50031,3.24,56.6,533.0,64.9172,4.96,0.19,True
Oceanus IV,False,1,1,2.07276,12.67,419.52,1555.0,151.068,4.43,0.23,True
Caldonia,False,1,1,4.8854892,18.181,140.16303,1630.0,922.562,3.98,0.11,True
Ellora homeworld,True,1,2,18.80151,1.56,2.2,344.0,36.0118,4.85,-0.5,True
Nyria III,False,1,1,2.8641424,15.39,225.34147,1743.0,234.149,4.25,0.432,True
Kantare,False,1,4,14.70886,6.18,38.15,650.0,177.504,4.54,0.37,True
Ti'Acor,True,2,1,175.06,3.87,17.0,243.0,410.607,4.66,-0.12,True
Nessik,False,2,1,4.137437,2.7,25.5,863.0,38.5653,4.4,-0.05,True
Talax,False,1,1,5.1817,14.908,181.1631,1480.0,663.231,4.09,0.12,True
Remus,False,2,1,1.4811235,21.196,915.3504,4050.0,204.455,4.09,-0.03,True
Solarion IV,False,1,1,6.9561063,11.89,25.1,957.0,201.918,4.5,0.28,True
Mercury,False,1,1,3.855898,13.563,654.7298,1624.0,488.66,4.26,-0.1,True
Norpin V,True,1,2,15.6653,2.02,5.3,415.0,27.1701,4.73,-0.2,True
Banean homeworld,False,1,2,2.541,2.05,4.55,1371.0,106.307,4.46,0.14,True
Canopius Planet,False,1,3,0.490047,1.28,3.07,1862.0,32.5686,4.6,0.2,True
Galador II,False,1,1,1.9616241,14.773,471.65972,1778.0,666.802,4.31,0.0,True
Selay,False,2,1,2.8807198,13.26,252.35576,1395.0,173.117,4.41,0.25,True
Emila II,False,1,1,2.995607,15.132,559.3808,1742.0,348.646,4.17,0.24,True
Cygnet XIV,True,1,3,6.20142,2.04,2.35,646.0,29.661,4.66,-0.29,True
Avenal VII,False,1,1,3.652836,13.339,180.202,1202.0,300.384,4.48,0.31,True
Starbase 6,False,1,2,9.139703,2.87,16.9,1135.0,129.804,4.3,0.14,True
I-I can't even TOUCH them!!!,False,1,1,1.0187068,15.278,355.9696,2000.0,,4.6,0.2,True
Athos IV,False,1,1,2.350621,12.767,1000.21101,1413.0,279.485,4.48,0.268,True
Mars,False,1,1,3.1810781,13.384,213.58176,1253.0,535.383,4.48,0.01,True
H'atoria,False,1,3,15.624,3.67,14.67,990.0,321.296,3.99,0.2,True
Brekka,False,1,1,3.24406,20.849,275.55861,1675.0,197.572,4.08,0.272,True
Drayan II,False,1,1,1.26523248,11.87,166.85991,754.0,115.557,4.9,0.265,True
Nasreldine,False,1,1,3.3252725,11.187,101.38777,713.0,169.318,4.68,0.2,True
Aldea,False,1,1,3.739494,13.126,211.99261,1192.0,158.649,4.5,0.14,True
Cait,False,1,1,0.7920641,4.72,29.32,1978.0,80.4373,4.47,0.25,True
Time Planet,True,1,2,10.28891,2.74,20.0,757.0,65.9501,4.41,0.27,True
Halii,True,1,2,5.70588,1.533,3.09,557.0,10.0055,5.2,-0.43,True
Beta VI,False,2,1,111.4367,11.243,1307.55262,405.0,66.4711,4.42,0.34,True
Porakas IV,False,1,2,14.339156,2.45,7.8,943.0,57.5846,4.5,-0.12,True
Marcus II,False,2,1,3.126089,10.604,306.38812,1153.0,211.196,4.5,-0.03,True
Gamma Hydra IV,False,1,1,21.08721,13.9,6388.1,897.0,1057.41,4.4,0.1,True
Beta Antares IV,True,1,1,3.792622,10.604,130.9453,689.0,138.367,4.69,0.425,True
Nibiru,False,1,1,3.53269,12.554,177.9848,1430.0,317.652,4.37,-0.05,True
Skagaran colony,False,1,1,3.37265,13.899,190.698,1400.0,448.637,4.44,-0.02,True
Garon II,False,2,1,4.617101,12.24,181.473,1216.0,321.084,4.35,0.12,True
Delios VII,True,1,1,28.38236,9.057,123.00021,565.0,153.856,4.5,0.22,True
Omicron Theta,False,1,1,3.257215,13.585,198.953,1384.0,401.319,4.36,0.12,True
Memory Delta,False,1,1,4.7369683,2.69,20.0,969.0,154.83,4.61,0.12,True
Dreon VII,False,1,3,10.0546535,2.078,5.11,501.0,44.0727,4.7,-0.157,True
Unnamed: 52,False,1,1,4.234516,6.333,18.751,1001.0,141.837,4.56,-0.04,True
New Bajor,False,2,1,1.73185606,11.568,464.02947,895.0,299.389,4.7,0.514,True
Kreetassa,False,1,3,107.245,2.562,8.82,431.0,14.682,4.39,-0.24,True
Mavala IV,True,1,1,4.024867,10.054,106.47305,852.0,232.801,4.63,0.14,True
Kabrel II,False,1,1,1.43247425,12.195,390.9309,1342.0,566.459,4.55,0.09,True
Merik III,False,2,1,1.7554137,12.745,404.263,1516.0,185.932,4.5,0.32,True
Seros,True,1,3,12.46103,3.29,9.9,633.0,32.5686,4.6,0.2,True
Arvada III,False,2,1,4.8101025,23.371,108.0622,1903.0,371.686,3.85,-0.08,True
Delos IV,False,1,1,4.0379156,14.079,145.88397,1397.0,882.472,4.34,,True
Kabrel I,False,1,1,4.0138379,14.93,118.23217,1622.0,515.59,4.08,-0.224,True
Polaric Ion Planet,True,1,1,6.00127,2.043,6.26,790.0,44.526,4.62,-0.47,True
Shelia,False,1,4,0.548177,1.166,1.42,1617.0,47.3924,4.62,0.12,True
Brunali homeworld,False,2,6,10.85409089,3.047,12.75,772.0,282.563,4.45,0.07,True
Felton Prime,False,1,1,1.5803925,2.678,6.55,555.0,14.6427,4.99,,True
Titan,False,1,1,10.62656,11.994,301.9385,1397.0,340.543,4.26,0.24,True
Norcadia Prime,False,1,2,5.1134,3.7,5.7,1070.0,591.555,4.55,0.3,True
Alpha Carinae V,False,1,1,6.569188,13.563,295.58042,962.0,347.917,4.4,0.1,True
B'Saari II,False,1,1,2.0219596,17.71,2542.64,2329.0,423.552,4.13,0.1,True
Gideon,False,3,1,2.2437655,13.899,2412.3297,1872.0,161.997,4.31,,True
Iconia,True,1,2,20.772907,3.9,10.0,663.0,67.5478,4.45,,True
Kostolain,False,1,1,4.03519,14.034,416.99296,1432.0,1148.93,4.26,0.01,True
Rubicun III,False,1,1,3.2642736,17.71,505.3497,2101.0,1342.29,3.92,0.01,True
Adelphous IV,False,1,1,4.532,6.956,46.1687,895.0,96.2338,4.61,0.272,True
Napinne,False,1,1,6.9839095,12.229,1910.14873,1180.0,233.266,4.27,-0.069,True
Hanoran II,False,1,1,0.179715,0.89,158.915,1471.0,98.8765,4.82,0.08,True
Coridan,True,1,1,2.64389788,4.191,23.13802,686.0,9.75321,4.43,-0.15,True
Runara IV,True,2,2,50.8,2.63,7.6,309.0,11.8893,4.65,0.24,True
Nanibia Prime,False,1,1,9.20205,13.34,228.83,1074.0,726.412,4.41,,True
Tarquin's Planet,False,1,1,4.633611,15.4,878.0,1561.0,161.743,4.05,0.0,True
Gaspar VII,False,1,1,2.5441828,11.96,241.5508,1625.0,748.585,4.24,0.396,True
Caldik Prime,False,1,2,3.31599,4.14,24.6,961.0,137.572,4.55,0.17,True
Thalos IV,False,2,1,2.810595,15.02,225.968,1630.0,213.985,4.36,0.13,True
Bersallis III,False,1,1,3.40884,15.177,285.717,1473.0,348.494,4.34,-0.2,True
Lorillian homeworld,False,2,2,0.989343,1.79,4.91,924.0,35.2736,4.83,0.23,True
Adarak Prime,False,1,1,1.50897655,15.917,340.0781,1834.0,787.909,4.25,-0.3,True
Moab IV,False,2,1,2.1500082,22.194,216.1244,1836.0,289.205,4.22,-0.16,True
Alastria,False,1,1,1.4200242,12.812,411.27202,1418.0,185.615,4.55,0.171,True
Juhraya,False,1,1,0.81347398,11.276,635.02434,1427.0,86.7467,4.5,-0.01,True
Holna IV,False,1,1,3.52254,15.906,191.643,1764.0,1021.87,4.17,-0.055,True
Ilari,False,1,1,3.128992,15.984,283.492,1652.0,298.64,4.3,0.07,True
Tilonus IV,True,1,2,7.78993,0.892,3.7,701.0,16.32,4.61,0.003,True
Browder IV,False,1,1,3.234702,13.103,201.18639,1451.0,587.039,4.28,0.34,True
Deneb V,False,1,1,2.7164762,16.018,231.69807,1623.0,398.505,4.26,-0.36,True
Argelius II,True,1,1,91.68278,2.91,1112.39942,440.0,138.411,4.38,0.06,True
Rutia IV,False,1,1,2.650237,16.701,991.62463,2370.0,148.925,4.15,0.09,True
Nimbus III,True,1,1,2.45524122,11.198,158.915,787.0,381.949,4.73,0.2,True
M-Zed V,False,1,1,0.882059,14.863,425.57437,1284.0,308.262,4.7,0.11,True
Tamar,False,1,2,21.4023,2.9,11.1,684.0,48.9739,4.38,0.07,True
Quinor VII,False,1,1,2.49979,15.693,390.9309,1600.0,302.448,4.26,0.14,True
Sherman's Planet,False,2,1,3.246075,13.081,311.47184,1534.0,396.378,4.29,0.262,True
Erabus Prime,False,2,1,3.553945,20.288,278.73691,1861.0,515.98,3.98,0.14,True
Tau Cygna V,False,1,2,10.590547,10.3,58.7,947.0,130.855,4.44,0.09,True
Kressari homeworld,False,1,4,7.95839,0.86,3.8,1173.0,525.997,4.21,0.321,True
Hupyria,False,2,2,3.9501907,19.28,143.653,1604.0,211.211,4.18,0.26,True
Halka,False,1,1,2.032046,19.055,597.5204,2053.0,705.981,4.2,0.276,True
Psi 2000,True,1,1,10.695264,3.03,13.8,805.0,90.7402,4.37,-0.217,True
Khitomer Massacre,False,1,1,1.706291,11.545,346.4347,1459.0,262.706,4.47,0.22,True
Betazed,False,1,1,1.6284279,12.184,502.15,1706.0,309.137,4.39,0.09,True
Decos Prime,False,2,1,6.790123,12.621,2440.9344,1605.0,,3.92,0.12,True
Alpha III,True,1,2,50.790391,12.341,584.78,704.0,1455.57,4.1,-0.04,True
Procyon V,False,1,1,3.05125,13.563,129.99182,1381.0,1096.19,4.16,0.15,True
Ilidaria,False,1,1,10.26075,11.982,1671.77742,1484.0,224.731,3.79,0.247,True
Pythro V,True,1,1,56.39879,12.285,731.00534,605.0,319.632,4.26,0.14,True
Inferna Prime,True,1,1,9.088516,12.599,324.18498,801.0,176.436,4.58,0.071,True
Barzan,False,1,1,2.724033,18.147,632.47853,3353.0,99.731,3.9,0.29,True
Thelka IV,True,1,2,17.66484,1.25,4.1,347.0,41.9176,5.11,-0.24,True
Sefalla Prime,False,1,1,3.185315,6.311,38.1396,1084.0,240.707,4.54,0.25,True
Delta IV,False,1,1,8.872078,12.52,1398.44499,1167.0,335.985,4.17,0.18,True
Unnamed: 130,False,2,1,1.53736596,14.874,750.39663,1733.0,386.346,4.49,-0.26,True
Kyria,False,1,4,10.77892,2.9,7.0,860.0,85.799,4.5,-0.41,True
Kentanna,False,1,1,3.57878087,10.761,136.661,1440.0,639.411,4.42,0.2,True
Heva VII,True,1,1,6.387597,9.303,127.13136,565.0,148.762,4.7,0.376,True
Tau Ceti Prime,True,1,3,16.608164,3.12,11.84,499.0,73.5977,4.57,-0.1,True
Ocampa homeworld,True,1,2,8.59545,2.587,9.6,665.0,27.5024,4.74,-0.284,True
Qomar homeworld,False,1,1,2.99433,16.03,740.51,1657.0,655.037,4.22,-0.03,True
Klavdia III,False,1,1,10.13675,4.3,32.2,1102.0,518.625,4.23,-0.2,True
Starbase 234,False,1,1,1.5433897,14.908,750.07504,1357.0,592.891,4.63,-0.26,True
Surata IV,False,1,1,2.3114243,12.464,492.62,1480.0,273.703,4.4,-0.07,True
Narendra III,False,1,1,3.3023881,19.616,206.5895,1918.0,861.843,3.94,-0.02,True
Caleb IV,True,1,2,1.6289287,1.43,1.63,644.0,12.613,4.88,,True
Khitomer,False,1,2,35.61253,2.61,22.7,422.0,16.32,4.61,0.003,True
Bopak III,False,2,1,3.0300728,12.319,241.86863,1147.0,159.658,4.56,0.06,True
L374,True,1,3,13.63083,3.48,9.6,777.0,68.192,4.39,0.24,True
Arret,False,1,1,3.585722,15.8,158.91,1560.0,201.224,4.34,0.2,True
Benecia Colony,False,1,3,3.53796,1.58,4.5,1217.0,68.192,4.39,0.24,True
Harrakis V,False,2,1,2.0180231,12.98,721.47048,1488.0,217.193,4.49,0.148,True
Omicron Ceti III,False,1,1,3.9443715,13.798,94.71287,1562.0,323.265,4.05,0.44,True
Alsaurian homeworld,False,1,1,4.0552941,14.336,89.31023,1166.0,213.982,4.45,0.01,True
Theta Cygni XII,False,1,1,5.215357,15.468,479.9233,1742.0,275.587,3.9,-0.18,True
Quarra,False,2,1,1.7690381,10.088,282.8687,1200.0,91.299,4.65,-0.04,True
Dorvan V,False,2,1,9.1205,2.53,11.82,690.0,62.4491,4.59,-0.16,True
Tendara colony,False,2,4,7.814,0.705,0.29013,664.0,77.5586,4.58,-0.12,True
Milika III,True,1,2,114.73635,13.49,324.2,478.0,1232.9,3.96,-0.17,True
Sakari homeworld,False,1,1,3.20466,14.572,273.3338,1587.0,537.963,4.11,0.34,True
Flaxian homeworld,False,1,1,3.142833,15.132,756.4354,2097.0,746.138,3.92,-0.1,True
Catulla,False,1,2,7.8457,13.372,136.661,1313.0,240.726,4.07,-0.281,True
Mizar II,False,1,1,4.6747373,5.14,14.95,582.0,79.7634,4.75,0.099,True
Sakura Prime,False,1,1,10.290994,13.79,92.17,1100.0,1017.8,4.14,-0.19,True
Rakosa V,False,2,1,1.21987016,18.82,1042.4824,2723.0,121.944,4.3,0.1,True
Soukara,False,1,1,7.817953,13.395,1080.622,1226.0,679.761,4.03,0.247,True
Arcturus IV,False,2,1,2.218577,12.543,370.58978,1209.0,19.7638,4.58,-0.03,True
Kavaria,False,1,3,24.646729,1.582,2.68,372.0,44.0727,4.7,-0.157,True
Errikang VII,False,1,1,3.3448285,20.288,527.5978,2470.0,427.678,4.31,0.21,True
Gedi Prime,False,1,1,4.2986432,14.123,194.82979,1277.0,471.158,4.35,0.02,True
Tohvun III,False,1,3,2.38839,1.39,57.0,831.0,99.5561,4.7,-0.26,True
Detria,True,1,2,191.2318,6.14,6.4,403.0,1232.9,3.96,-0.17,True
Halee,False,2,1,4.720219,15.648,753.2571,1679.0,200.492,4.03,0.119,True
Gaia,False,1,1,4.2042001,14.022,292.72143,1367.0,609.838,4.41,0.108,True
Terosa Prime,False,1,6,3.23845,1.669,4.77,873.0,62.699,4.45,-0.23,True
Gamma Hydra II,False,1,1,6.71837,6.389,47.6745,938.0,576.683,4.67,0.0,True
Beta Stromgren,False,1,1,3.57532,11.287,3302.11,1500.0,1010.28,4.4,-0.1,True
Taresia.1,False,1,1,2.2554477,12.173,251.40353,1715.0,407.84,4.28,0.24,True
Braslota,False,2,1,4.8996284,16.388,98.841,1379.0,211.877,4.23,-0.008,True
Benthos,False,1,1,6.8731697,16.141,686.5128,1744.0,2305.01,3.81,0.1,True
Norkan,False,1,1,3.0801716,17.094,416.3573,2087.0,226.5,4.22,-0.018,True
Shiralea VI,False,2,1,3.2797178,14.067,349.61125,1529.0,250.489,4.24,0.153,True
Bilana III,False,1,1,5.983944,10.929,63.88351,1352.0,504.775,4.04,0.241,True
Excalbia,False,1,2,4.75615,1.64,7.51,1001.0,44.8155,4.53,0.15,True
Beta Cassius,False,2,2,16.06819,5.09,16.42,674.0,74.7969,4.49,-0.02,True
L-S VI,False,1,1,10.180249,11.882,270.47333,918.0,152.892,4.37,0.078,True
Breen homeworld,False,1,1,10.33111,11.097,486.2799,1370.0,179.366,4.06,0.26,True
Relva VII,False,1,1,4.6615983,18.977,138.25536,1666.0,360.408,4.2,-0.1,True
Gamma II,False,1,1,4.763387,10.223,75.323,1025.0,246.384,4.53,0.19,True
Castal I,False,1,1,7.18585,11.209,203.41018,1100.0,438.842,4.34,0.06,True
Selenia Prime,False,1,2,3.98442,2.16,7.25,1311.0,45.683,4.4,0.018,True
Pendari,False,2,1,4.5207265,14.46,79.4571,1456.0,566.189,4.18,0.158,True
Acamar III,False,1,1,3.332609,17.374,123.9537,1700.0,610.176,4.1,0.34,True
Daran V,False,1,1,3.1186068,13.653,264.43456,1389.0,194.134,4.36,0.07,True
Rochanie III,False,1,1,3.67724,14.146,238.3725,1686.0,1515.26,4.17,0.11,True
Mab-Bu VI,False,1,1,2.2252577,10.593,183.38791,1296.0,414.537,4.5,0.377,True
Mudd,False,1,1,2.7667641,11.646,340.39593,1276.0,513.011,4.48,0.33,True
Shantil III,True,2,1,11.06201,1.672,4.82,326.0,30.5212,4.95,-0.07,True
First Khitomer Accords,True,1,1,55.087,3.89,42.44,385.0,36.9941,4.54,0.04,True
Camus II,False,1,1,5.75251,12.33,883.53,1480.0,158.66,4.12,0.21,True
Planet X,False,1,1,4.954,19.055,177.98,1772.0,523.756,3.96,-0.08,True
Starbase Montgomery,True,1,4,10.3134,0.64,0.07,452.0,66.8624,4.71,-0.18,True
Adigeon Prime,False,1,1,5.5514926,14.258,1646.3594,1459.0,96.5173,4.25,0.186,True
Ramura,False,1,1,3.332687,14.359,210.395,1361.0,528.825,4.37,0.23,True
Purser's Planet,False,1,4,10.45582,2.48,6.5,620.0,154.961,4.4,0.0,True
M'kemas III,True,1,1,3.9365578,8.295,77.2323,711.0,130.091,4.67,0.549,True
Aschelan V,False,1,1,1.4015,1.39,4.6,965.0,25.1496,4.04,0.04,True
New Vulcan,True,1,1,47.73022,4.91,20.0,513.0,165.393,4.34,0.0,True
Enara Prime,False,1,2,2.699835,5.24,42.0,1266.0,114.865,4.24,0.07,True
Straleb,True,1,3,2.753436,1.032,0.9,396.0,26.4927,5.12,-0.09,True
Monea,True,1,3,9.15059,2.759,6.63,828.0,111.059,4.52,-0.02,True
Malcor III,False,1,1,1.977143,5.25,23.6,635.0,46.0851,4.81,0.17,True
Forlat III,True,1,2,2.7299025,1.32,13.2,396.0,32.4298,5.13,-0.028,True
El-Adrel IV,False,1,1,4.039709,15.278,225.65817,1376.0,312.674,4.25,-0.02,True
Thalos VII,False,1,2,4.01593,1.54,7.3,1266.0,192.69,4.38,0.26,True
Orion,False,1,1,3.2768837,11.825,56.89157,1237.0,523.067,4.45,0.133,True
Takara,True,1,1,1.630757,11.6,343.0,737.0,86.4493,4.84,0.0,True
Epsilon Eridani,False,1,3,0.837491,1.481,4.60853,2130.0,185.506,4.35,-0.15,True
Illyria,True,1,1,6.535,3.31,699.2225,558.0,94.0424,4.67,,True
Rachelis,False,1,3,35.747,3.94,10.18,752.0,321.296,3.99,0.2,True
Dimorus,False,1,1,3.836169,5.717,40.68224,970.0,122.066,4.6,0.24,True
Boraal II,False,1,1,5.857342,15.468,556.2025,1493.0,336.267,4.15,0.235,True
Casperia Prime,False,1,1,5.06963,2.49,21.3,1372.0,513.877,4.03,-0.047,True
Kotara Barath,False,1,1,10.02165,11.444,87.5585,1001.0,157.963,4.28,-0.11,True
Marva IV,False,1,3,1.208966,1.58,3.69,1114.0,29.661,4.66,-0.29,True
Nel III,False,1,1,2.1377445,15.737,262.52758,1926.0,149.216,4.14,0.34,True
Cardassia III,True,1,1,3.48456408,3.44,24.5,494.0,44.9565,4.94,0.15,True
Sentinel Minor IV,False,3,1,3.3773512,14.359,899.45439,1802.0,303.006,4.21,0.282,True
Tethys III,False,1,1,8.275479,9.864,953.48522,1080.0,557.733,4.3,0.32,True
Forcas III,False,2,4,1071.23205,10.16,321.00669,134.0,341.908,4.58,0.02,True
Lysia,False,1,1,2.82805268,15.065,277.46559,1417.0,1126.37,4.38,,True
Delos III,True,1,2,13.3387,2.77,5.7,722.0,244.59,4.42,0.06,True
Kavis Alpha IV,False,1,1,4.5776348,17.598,200.2329,1645.0,878.521,4.16,0.0,True
Hoek IV,False,1,2,1.548352,2.018,2.89,999.0,41.1166,4.68,-0.17,True
Panora,False,1,1,2.3505614,13.159,533.95172,1544.0,,4.35,0.013,True
Harrod IV,False,1,1,1.51214,12.22,2415.4,1952.0,1744.6,4.35,0.05,True
Kelis' homeworld,False,1,3,4.040295,1.362,13.71,1241.0,62.7792,4.47,-0.08,True
Taranko colony,True,1,5,18.16406,1.95,14.0,510.0,300.874,4.68,-0.37,True
Krios,False,1,1,4.0782387,14.572,1064.72516,1728.0,281.314,4.05,-0.1,True
Tessik Prime,False,1,1,3.1915289,13.989,3759.9289,1729.0,213.053,4.22,-0.18,True
Evora homeworld,False,1,2,6.02976,1.25,3.78,1413.0,927.981,4.12,0.33,True
Tanuga IV,False,1,1,3.3564227,11.657,1875.197,1120.0,290.946,4.51,0.15,True
Qo'noS,False,1,1,2.972086,17.822,248.86089,1896.0,935.456,3.99,0.035,True
Alture VII,False,1,1,3.21346,4.002,24.472,1650.0,487.916,4.17,0.17,True
Rigel V,False,1,2,3.09833,2.7,11.0,1488.0,175.713,4.36,0.439,True
Aucdet IX,True,1,6,28.579743,3.195,8.0,600.0,53.6089,4.3,-0.15,True
Parliament,True,1,1,24.245586,3.65,15.4,330.0,27.6227,4.77,0.041,True
Freehaven,False,1,2,16.23855,3.679,8.08,928.0,527.956,4.04,-0.2,True
Carraya IV,False,1,1,3.4252602,13.45,152.55,1285.0,352.464,4.42,0.14,True
Moselina system,False,1,2,9.058811,2.99,10.8,911.0,48.9739,4.38,0.07,True
Elanu IV,False,2,4,8.992,5.299,15.0,837.0,157.682,4.49,-0.06,True
Spica,False,1,2,18.7959228,8.059,29.875,984.0,1455.57,4.1,-0.04,True
Pentarus,False,1,1,3.474119,20.512,5403.11,2260.0,136.426,4.31,-0.02,True
Ramatis III,True,3,6,41.05854,2.601,5.04,489.0,32.1585,4.54,-0.2,True
Golana,False,1,1,13.33668,10.424,2955.80419,860.0,508.686,4.37,0.3,True
Nehru colony,False,1,1,2.176423,13.563,368.6828,1790.0,559.084,4.18,0.29,True
Inavar Prime,False,1,1,3.8681382,9.113,82.632,963.0,49.9605,4.54,0.144,True
Thanatos VII,True,2,1,86.647661,10.54,460.83,511.0,,4.32,0.27,True
Ruah IV,False,1,4,3.1800218,1.536,3.51,1593.0,525.997,4.21,0.321,True
Ligos VII,False,1,1,15.168865,12.52,617.22586,974.0,306.063,4.38,0.14,True
Gamma Hromi II,False,1,1,11.53533,11.5,131.89945,1228.0,79.5702,3.82,0.29,True
Calder II,False,1,1,2.423804,12.33,276.5121,1337.0,364.512,4.49,-0.003,True
Saltok IV,True,1,1,54.18915,11.994,947.12865,688.0,382.898,3.8,0.15,True
Nelvana III,False,1,1,2.292102,15.693,597.5204,1856.0,800.377,4.2,0.22,True
Balosnee VI,False,3,1,2.77596,14.448,1332.605,1626.0,226.637,4.34,0.17,True
Kar-telos,True,1,3,3.64823,1.24,1.45,771.0,29.661,4.66,-0.29,True
Bracas V,False,3,1,3.72247967,11.097,156.37236,992.0,124.73,4.57,0.12,True
Beta Agni II,False,1,2,9.55237,2.44,12.6,1153.0,109.353,4.25,-0.311,True
Althos IV,False,1,2,0.571336,1.82,9.0,2063.0,244.59,4.42,0.06,True
Andros III,False,1,1,2.87531694,11.489,2294.7326,964.0,71.0374,4.52,0.22,True
Chrysalian homeworld,True,1,1,7.851925,2.2,4.7,378.0,33.3631,4.88,0.02,True
Minnobia,True,1,3,24.3645,2.358,21.14,523.0,67.5062,4.64,-0.09,True
Parvenium system,False,2,2,3.6451398,3.228,19.2,1344.0,82.3432,4.49,0.1,True
Dessica II,False,1,1,4.43527,11.994,921.707,1448.0,609.128,4.37,0.31,True
Nibia,False,1,1,,14.684,4767.4261,1303.0,44.9543,4.55,,True
Ferenginar,False,1,4,5.414654,5.93,20.31,907.0,177.504,4.54,0.37,True
Hekaras II,True,1,1,289.8623,2.38,36.0,262.0,194.642,4.44,-0.29,True
Memory Gamma,False,1,1,8.6001536,22.31,266.97,1729.0,1418.77,3.61,-0.18,True
Thurasia,False,1,1,0.67247414,15.098,1595.4986,3646.0,262.041,4.14,0.068,True
Alpha Cygnus IX,False,1,1,3.3366487,3.88,13.73,604.0,29.4214,4.78,0.18,True
Hanoli,True,2,4,22.342989,11.27,106.0,806.0,477.052,4.18,0.023,True
Portas V,False,1,2,1.8237305,2.765,9.1,941.0,77.2554,4.55,0.175,True
Starbase 11,False,2,1,81.73778,2.215,10.6,380.0,155.956,4.51,-0.03,True
Palamar,False,1,1,1.52275959,8.474,212.94503,624.0,80.1423,4.88,0.3,True
Tessen III,False,1,1,2.052868,17.15,266.9772,2000.0,730.933,4.13,0.26,True
Faynos,False,1,1,30.08364,11.209,95.34852,904.0,261.834,4.29,0.1,True
Gothos,False,2,1,2.89973838,10.211,189.10885,1170.0,134.554,4.54,0.24,True
Bre'el IV,False,1,1,2.9036747,16.37,712.545,2049.0,362.715,3.92,0.14,True
Celtris III,False,1,4,7.138048,3.53,15.68,741.0,154.961,4.4,0.0,True
Chaya VII,False,1,1,3.377728,12.543,195.14664,1237.0,4483.05,4.43,0.251,True
Koltair IV,False,1,2,1.422614,1.43,3.9,1224.0,109.749,4.62,-0.09,True
Barson II,False,1,1,1.8555588,9.55,156.69019,1554.0,1093.08,4.47,-0.09,True
Draylon II,False,3,2,9.21165,3.06,10.9,1230.0,272.909,4.23,-0.06,True
Armus IX,False,1,2,7.133521,9.752,130.3103,763.0,122.91,4.61,0.22,True
